{"global_step": 4096, "_timestamp": 1673432227.244204, "rollout/ep_len_mean": 500.0, "rollout/ep_rew_mean": 31.2130184173584, "time/fps": 20.0, "_runtime": 210.11378812789917, "_step": 1, "train/approx_kl": 0.005781339481472969, "train/clip_fraction": 0.04995117336511612, "train/clip_range": 0.20000000298023224, "train/entropy_loss": -11.327385902404785, "train/explained_variance": 0.018376708030700684, "train/learning_rate": 0.0003000000142492354, "train/loss": 0.32917481660842896, "train/policy_gradient_loss": -0.007692043669521809, "train/std": 0.9946378469467163, "train/value_loss": 2.203356981277466, "_wandb": {"runtime": 246}}