{"global_step": 6144, "_timestamp": 1673440878.075131, "rollout/ep_len_mean": 500.0, "rollout/ep_rew_mean": 1738.4046630859375, "time/fps": 18.0, "_runtime": 343.5653738975525, "_step": 2, "train/approx_kl": 0.009693317115306854, "train/clip_fraction": 0.09921874850988388, "train/clip_range": 0.20000000298023224, "train/entropy_loss": -11.344721794128418, "train/explained_variance": 0.012919008731842041, "train/learning_rate": 0.0003000000142492354, "train/loss": 2905.445556640625, "train/policy_gradient_loss": -0.01132530253380537, "train/std": 1.0008248090744019, "train/value_loss": 4657.697265625, "_wandb": {"runtime": 351}}